{
  "collision_steps": [
    [
      4050,
      1
    ],
    [
      4100,
      1
    ],
    [
      4400,
      1
    ],
    [
      4950,
      1
    ],
    [
      5200,
      1
    ],
    [
      5400,
      1
    ],
    [
      5401,
      1
    ],
    [
      5950,
      1
    ],
    [
      6050,
      1
    ],
    [
      6300,
      1
    ],
    [
      6600,
      1
    ],
    [
      6601,
      1
    ],
    [
      6602,
      1
    ],
    [
      6700,
      1
    ],
    [
      7400,
      1
    ],
    [
      7401,
      1
    ],
    [
      7500,
      1
    ],
    [
      7501,
      1
    ],
    [
      8150,
      1
    ],
    [
      8750,
      1
    ],
    [
      8751,
      1
    ],
    [
      8752,
      1
    ],
    [
      8753,
      1
    ],
    [
      8754,
      1
    ],
    [
      8755,
      1
    ],
    [
      8756,
      1
    ],
    [
      8757,
      1
    ],
    [
      8758,
      1
    ],
    [
      8759,
      1
    ],
    [
      8760,
      1
    ]
  ],
  "episode_metrics": [
    [
      1,
      -2.000000000000001,
      0,
      0
    ],
    [
      2,
      -2.000000000000001,
      0,
      0
    ],
    [
      3,
      -1.0000000000000004,
      0,
      0
    ],
    [
      4,
      -2.000000000000001,
      0,
      0
    ],
    [
      5,
      -2.000000000000001,
      0,
      0
    ],
    [
      6,
      -2.000000000000001,
      0,
      0
    ],
    [
      7,
      -1.0000000000000002,
      0,
      0
    ],
    [
      8,
      -2.000000000000001,
      0,
      0
    ],
    [
      9,
      -1.0000000000000004,
      0,
      0
    ],
    [
      10,
      -2.000000000000001,
      0,
      0
    ],
    [
      11,
      -1.0000000000000002,
      0,
      0
    ],
    [
      12,
      -1.0000000000000004,
      0,
      0
    ],
    [
      13,
      -1.0000000000000004,
      0,
      0
    ],
    [
      14,
      -1.0000000000000004,
      0,
      0
    ],
    [
      15,
      -1.0000000000000002,
      0,
      0
    ],
    [
      16,
      -2.000000000000001,
      0,
      0
    ],
    [
      17,
      -2.000000000000001,
      0,
      0
    ],
    [
      18,
      -2.000000000000001,
      0,
      0
    ],
    [
      19,
      -1.0000000000000007,
      0,
      0
    ],
    [
      20,
      -2.000000000000001,
      0,
      0
    ],
    [
      21,
      -2.000000000000001,
      0,
      0
    ],
    [
      22,
      -1.0000000000000002,
      0,
      0
    ],
    [
      23,
      -2.000000000000001,
      0,
      0
    ],
    [
      24,
      -2.000000000000001,
      0,
      0
    ],
    [
      25,
      -1.0000000000000004,
      0,
      0
    ],
    [
      26,
      -1.0000000000000002,
      0,
      0
    ],
    [
      27,
      -2.000000000000001,
      0,
      0
    ],
    [
      28,
      -1.0000000000000004,
      0,
      0
    ],
    [
      29,
      -2.000000000000001,
      0,
      0
    ],
    [
      30,
      -1.0000000000000007,
      0,
      0
    ],
    [
      31,
      -2.000000000000001,
      0,
      0
    ],
    [
      32,
      -1.0000000000000002,
      0,
      0
    ],
    [
      33,
      -2.000000000000001,
      0,
      0
    ],
    [
      34,
      -1.0000000000000004,
      0,
      0
    ],
    [
      35,
      -2.000000000000001,
      0,
      0
    ],
    [
      36,
      -1.0000000000000007,
      0,
      0
    ],
    [
      37,
      -2.000000000000001,
      0,
      0
    ],
    [
      38,
      -1.0000000000000002,
      0,
      0
    ],
    [
      39,
      -2.000000000000001,
      0,
      0
    ],
    [
      40,
      -2.000000000000001,
      0,
      0
    ],
    [
      41,
      -1.0000000000000004,
      0,
      0
    ],
    [
      42,
      -1.0000000000000004,
      0,
      0
    ],
    [
      43,
      -1.0000000000000004,
      0,
      0
    ],
    [
      44,
      -1.0000000000000004,
      0,
      0
    ],
    [
      45,
      -2.000000000000001,
      0,
      0
    ],
    [
      46,
      -2.000000000000001,
      0,
      0
    ],
    [
      47,
      -1.0000000000000007,
      0,
      0
    ],
    [
      48,
      -1.0000000000000007,
      0,
      0
    ],
    [
      49,
      -1.0000000000000002,
      0,
      0
    ],
    [
      50,
      -2.000000000000001,
      0,
      0
    ],
    [
      51,
      -2.000000000000001,
      0,
      0
    ],
    [
      52,
      -2.000000000000001,
      0,
      0
    ],
    [
      53,
      -2.000000000000001,
      0,
      0
    ],
    [
      54,
      -2.000000000000001,
      0,
      0
    ],
    [
      55,
      -2.000000000000001,
      0,
      0
    ],
    [
      56,
      -2.000000000000001,
      0,
      0
    ],
    [
      57,
      -1.0000000000000007,
      0,
      0
    ],
    [
      58,
      -2.000000000000001,
      0,
      0
    ],
    [
      59,
      -1.0000000000000004,
      0,
      0
    ],
    [
      60,
      -1.0000000000000004,
      0,
      0
    ],
    [
      61,
      -1.0000000000000007,
      0,
      0
    ],
    [
      62,
      -2.000000000000001,
      0,
      0
    ],
    [
      63,
      -2.000000000000001,
      0,
      0
    ],
    [
      64,
      -1.0000000000000004,
      0,
      0
    ],
    [
      65,
      -2.000000000000001,
      0,
      0
    ],
    [
      66,
      -2.000000000000001,
      0,
      0
    ],
    [
      67,
      -2.000000000000001,
      0,
      0
    ],
    [
      68,
      -2.000000000000001,
      0,
      0
    ],
    [
      69,
      -2.000000000000001,
      0,
      0
    ],
    [
      70,
      -1.0000000000000007,
      0,
      0
    ],
    [
      71,
      -2.000000000000001,
      0,
      0
    ],
    [
      72,
      -1.0000000000000004,
      0,
      0
    ],
    [
      73,
      -2.000000000000001,
      0,
      0
    ],
    [
      74,
      -2.000000000000001,
      0,
      0
    ],
    [
      75,
      -1.0000000000000004,
      0,
      0
    ],
    [
      76,
      -1.0000000000000004,
      0,
      0
    ],
    [
      77,
      -1.0000000000000004,
      0,
      0
    ],
    [
      78,
      -2.000000000000001,
      0,
      0
    ],
    [
      79,
      -2.000000000000001,
      0,
      0
    ],
    [
      80,
      -2.000000000000001,
      0,
      0
    ],
    [
      81,
      -1.0000000000000004,
      0,
      0
    ],
    [
      82,
      -82.00000000000031,
      1,
      0
    ],
    [
      83,
      -82.00000000000031,
      1,
      0
    ],
    [
      84,
      -2.000000000000001,
      0,
      0
    ],
    [
      85,
      -1.0000000000000004,
      0,
      0
    ],
    [
      86,
      -1.0000000000000004,
      0,
      0
    ],
    [
      87,
      -2.000000000000001,
      0,
      0
    ],
    [
      88,
      -1.0000000000000002,
      0,
      0
    ],
    [
      89,
      -82.00000000000031,
      1,
      0
    ],
    [
      90,
      -1.0000000000000004,
      0,
      0
    ],
    [
      91,
      -2.000000000000001,
      0,
      0
    ],
    [
      92,
      -1.0000000000000009,
      0,
      0
    ],
    [
      93,
      -1.0000000000000004,
      0,
      0
    ],
    [
      94,
      -2.000000000000001,
      0,
      0
    ],
    [
      95,
      -1.000000000000001,
      0,
      0
    ],
    [
      96,
      -1.0000000000000004,
      0,
      0
    ],
    [
      97,
      -1.0000000000000002,
      0,
      0
    ],
    [
      98,
      -1.000000000000001,
      0,
      0
    ],
    [
      99,
      -2.000000000000001,
      0,
      0
    ],
    [
      100,
      -82.00000000000031,
      1,
      0
    ],
    [
      101,
      -2.000000000000001,
      0,
      0
    ],
    [
      102,
      -1.0000000000000007,
      0,
      0
    ],
    [
      103,
      -1.0000000000000007,
      0,
      0
    ],
    [
      104,
      -1.0000000000000002,
      0,
      0
    ],
    [
      105,
      -82.00000000000031,
