Episode,Reward,Collisions,Deliveries,Epsilon,Loss,CumCol,CumDel,StepsPerDel
0,-12.199999999999994,0,0,1.0,0.0,0,0,25
1,-15.600000000000009,0,0,1.0,0.0,0,0,25
2,0.7999999999999934,0,0,1.0,0.0,0,0,25
3,43.0,0,0,1.0,0.0,0,0,25
4,-19.000000000000004,0,0,0.9703725093562657,89.3846997502757,0,0,25
5,-56.00000000000001,0,0,0.7552531090661897,64.65619044931817,0,0,25
6,-43.00000000000001,0,0,0.5878229785513479,50.24279580756102,0,0,25
