{
  "collision_steps": [
    [
      4250,
      1
    ],
    [
      6000,
      1
    ],
    [
      6250,
      1
    ],
    [
      6251,
      1
    ],
    [
      6300,
      1
    ],
    [
      6301,
      1
    ],
    [
      6302,
      1
    ],
    [
      6303,
      1
    ],
    [
      6650,
      1
    ],
    [
      6750,
      1
    ],
    [
      7650,
      1
    ],
    [
      7800,
      1
    ],
    [
      7950,
      1
    ],
    [
      8350,
      1
    ],
    [
      8351,
      1
    ],
    [
      8352,
      1
    ],
    [
      8400,
      1
    ],
    [
      8401,
      1
    ],
    [
      8650,
      1
    ],
    [
      8950,
      1
    ],
    [
      8951,
      1
    ],
    [
      9050,
      1
    ],
    [
      9051,
      1
    ]
  ],
  "episode_metrics": [
    [
      1,
      -2.000000000000001,
      0,
      0
    ],
    [
      2,
      -2.000000000000001,
      0,
      0
    ],
    [
      3,
      -1.0000000000000002,
      0,
      0
    ],
    [
      4,
      -1.0000000000000004,
      0,
      0
    ],
    [
      5,
      -1.0000000000000002,
      0,
      0
    ],
    [
      6,
      -1.0000000000000004,
      0,
      0
    ],
    [
      7,
      -2.000000000000001,
      0,
      0
    ],
    [
      8,
      -2.000000000000001,
      0,
      0
    ],
    [
      9,
      -1.0000000000000002,
      0,
      0
    ],
    [
      10,
      -1.0000000000000002,
      0,
      0
    ],
    [
      11,
      -2.000000000000001,
      0,
      0
    ],
    [
      12,
      -2.000000000000001,
      0,
      0
    ],
    [
      13,
      -2.000000000000001,
      0,
      0
    ],
    [
      14,
      -2.000000000000001,
      0,
      0
    ],
    [
      15,
      -1.0000000000000002,
      0,
      0
    ],
    [
      16,
      -1.0000000000000004,
      0,
      0
    ],
    [
      17,
      -1.0000000000000002,
      0,
      0
    ],
    [
      18,
      -1.0000000000000004,
      0,
      0
    ],
    [
      19,
      -1.0000000000000004,
      0,
      0
    ],
    [
      20,
      -1.0000000000000004,
      0,
      0
    ],
    [
      21,
      -1.0000000000000002,
      0,
      0
    ],
    [
      22,
      -2.000000000000001,
      0,
      0
    ],
    [
      23,
      -1.0000000000000007,
      0,
      0
    ],
    [
      24,
      -2.000000000000001,
      0,
      0
    ],
    [
      25,
      -2.000000000000001,
      0,
      0
    ],
    [
      26,
      -2.000000000000001,
      0,
      0
    ],
    [
      27,
      -2.000000000000001,
      0,
      0
    ],
    [
      28,
      -1.0000000000000004,
      0,
      0
    ],
    [
      29,
      -1.0000000000000004,
      0,
      0
    ],
    [
      30,
      -2.000000000000001,
      0,
      0
    ],
    [
      31,
      -2.000000000000001,
      0,
      0
    ],
    [
      32,
      -2.000000000000001,
      0,
      0
    ],
    [
      33,
      -2.000000000000001,
      0,
      0
    ],
    [
      34,
      -2.000000000000001,
      0,
      0
    ],
    [
      35,
      -2.000000000000001,
      0,
      0
    ],
    [
      36,
      -2.000000000000001,
      0,
      0
    ],
    [
      37,
      -1.0000000000000007,
      0,
      0
    ],
    [
      38,
      -1.0000000000000004,
      0,
      0
    ],
    [
      39,
      -2.000000000000001,
      0,
      0
    ],
    [
      40,
      -1.0000000000000004,
      0,
      0
    ],
    [
      41,
      -1.0000000000000004,
      0,
      0
    ],
    [
      42,
      -2.000000000000001,
      0,
      0
    ],
    [
      43,
      -1.0000000000000002,
      0,
      0
    ],
    [
      44,
      -1.0000000000000002,
      0,
      0
    ],
    [
      45,
      -2.000000000000001,
      0,
      0
    ],
    [
      46,
      -1.0000000000000004,
      0,
      0
    ],
    [
      47,
      -2.000000000000001,
      0,
      0
    ],
    [
      48,
      -1.0000000000000004,
      0,
      0
    ],
    [
      49,
      -1.0000000000000004,
      0,
      0
    ],
    [
      50,
      -2.000000000000001,
      0,
      0
    ],
    [
      51,
      -2.000000000000001,
      0,
      0
    ],
    [
      52,
      -2.000000000000001,
      0,
      0
    ],
    [
      53,
      -2.000000000000001,
      0,
      0
    ],
    [
      54,
      -2.000000000000001,
      0,
      0
    ],
    [
      55,
      -2.000000000000001,
      0,
      0
    ],
    [
      56,
      -2.000000000000001,
      0,
      0
    ],
    [
      57,
      -2.000000000000001,
      0,
      0
    ],
    [
      58,
      -2.000000000000001,
      0,
      0
    ],
    [
      59,
      -1.0000000000000004,
      0,
      0
    ],
    [
      60,
      -1.0000000000000004,
      0,
      0
    ],
    [
      61,
      -2.000000000000001,
      0,
      0
    ],
    [
      62,
      -2.000000000000001,
      0,
      0
    ],
    [
      63,
      -2.000000000000001,
      0,
      0
    ],
    [
      64,
      -2.000000000000001,
      0,
      0
    ],
    [
      65,
      -2.000000000000001,
      0,
      0
    ],
    [
      66,
      -1.0000000000000002,
      0,
      0
    ],
    [
      67,
      -2.000000000000001,
      0,
      0
    ],
    [
      68,
      -1.0000000000000002,
      0,
      0
    ],
    [
      69,
      -2.000000000000001,
      0,
      0
    ],
    [
      70,
      -2.000000000000001,
      0,
      0
    ],
    [
      71,
      -2.000000000000001,
      0,
      0
    ],
    [
      72,
      -2.000000000000001,
      0,
      0
    ],
    [
      73,
      -1.0000000000000004,
      0,
      0
    ],
    [
      74,
      -1.0000000000000004,
      0,
      0
    ],
    [
      75,
      -2.000000000000001,
      0,
      0
    ],
    [
      76,
      -2.000000000000001,
      0,
      0
    ],
    [
      77,
      -2.000000000000001,
      0,
      0
    ],
    [
      78,
      -1.0000000000000004,
      0,
      0
    ],
    [
      79,
      -1.0000000000000002,
      0,
      0
    ],
    [
      80,
      -2.000000000000001,
      0,
      0
    ],
    [
      81,
      -2.000000000000001,
      0,
      0
    ],
    [
      82,
      -2.000000000000001,
      0,
      0
    ],
    [
      83,
      -1.0000000000000002,
      0,
      0
    ],
    [
      84,
      -1.0000000000000007,
      0,
      0
    ],
    [
      85,
      -2.000000000000001,
      0,
      0
    ],
    [
      86,
      -82.00000000000031,
      1,
      0
    ],
    [
      87,
      -2.000000000000001,
      0,
      0
    ],
    [
      88,
      -2.000000000000001,
      0,
      0
    ],
    [
      89,
      -1.000000000000001,
      0,
      0
    ],
    [
      90,
      -1.0000000000000004,
      0,
      0
    ],
    [
      91,
      -2.000000000000001,
      0,
      0
    ],
    [
      92,
      -1.000000000000001,
      0,
      0
    ],
    [
      93,
      -2.000000000000001,
      0,
      0
    ],
    [
      94,
      -1.0000000000000007,
      0,
      0
    ],
    [
      95,
      -2.000000000000001,
      0,
      0
    ],
    [
      96,
      -2.000000000000001,
      0,
      0
    ],
    [
      97,
      -1.0000000000000004,
      0,
      0
    ],
    [
      98,
      -1.0000000000000004,
      0,
      0
    ],
    [
      99,
      -1.000000000000001,
      0,
      0
    ],
    [
      100,
      -2.000000000000001,
      0,
      0
    ],
    [
      101,
      -1.0000000000000007,
      0,
      0
    ],
    [
      102,
      -1.0000000000000004,
      0,
      0
    ],
    [
      103,
      -2.000000000000001,
      0,
      0
    ],
    [
      104,
      -2.000000000000001,
      0,
      0
    ],
    [
      105,
      -2.000000000000001,
      0,
      0
    ],
    [
      106,
      -2.000000000000001,
      0,
      0
    ],
    [
      107,
      -1.0000000000000004,
      0,
      0
    ],
    [
      108,
      -2.000000000000001,
      0,
      0
    ],
    [
      109,
